{"cameraMode":{"drawMode":0,"name":"Shaded","section":"Shading Mode"},"sceneLighting":false,"audioPlay":false,"sceneViewState":{"showFog":true,"showMaterialUpdate":false,"showSkybox":false,"showFlares":true,"showImageEffects":true,"showParticleSystems":true},"in2DMode":false,"pivot":{"x":-2.4637835025787355,"y":1.3807761669158936,"z":-3.2997467517852785},"rotation":{"x":0.009722993709146977,"y":-0.9873766899108887,"z":0.0670570433139801,"w":0.1431649774312973},"size":7.351100921630859,"orthographic":false}