{"cameraMode":{"drawMode":0,"name":"Shaded","section":"Shading Mode"},"sceneLighting":true,"audioPlay":false,"sceneViewState":{"showFog":true,"showMaterialUpdate":false,"showSkybox":true,"showFlares":true,"showImageEffects":true,"showParticleSystems":true},"in2DMode":false,"pivot":{"x":37.80307388305664,"y":3.8016304969787599,"z":12.49404239654541},"rotation":{"x":0.026035776361823083,"y":-0.7192075848579407,"z":0.026989884674549104,"w":0.6937825083732605},"size":7.648543357849121,"orthographic":false}