{"cameraMode":{"drawMode":0,"name":"Shaded","section":"Shading Mode"},"sceneLighting":true,"audioPlay":false,"sceneViewState":{"showFog":true,"showMaterialUpdate":false,"showSkybox":true,"showFlares":true,"showImageEffects":true,"showParticleSystems":true},"in2DMode":false,"pivot":{"x":0.19683122634887696,"y":2.5048890113830568,"z":18.855972290039064},"rotation":{"x":0.6059532165527344,"y":-0.03933314234018326,"z":0.030019206926226617,"w":0.7939599752426148},"size":8.949541091918946,"orthographic":false}